{
  "training_set_path": "/home/yuhao/workspace/PyKEEN/model/fb15k-237_train.tsv",
  "execution_mode": "HPO_mode",
  "kg_embedding_model_name": "TransE",
  "embedding_dim": [
    50
  ],
  "margin_loss": [
    1.0
  ],
  "scoring_function": [
    1
  ],
  "normalization_of_entities": [
    2
  ],
  "learning_rate": [
    0.1
  ],
  "batch_size": [
    2
  ],
  "num_epochs": [
    5
  ],
  "maximum_number_of_hpo_iters": 10,
  "test_set_path": "/home/yuhao/workspace/PyKEEN/model/fb15k-237_test.tsv",
  "filter_negative_triples": true,
  "random_seed": 123,
  "preferred_device": "gpu",
  "output_direc": "/home/yuhao/workspace/PyKEEN/data/"
}