{
  "'De Slegte' bookshop in Groningen. De Slegte is the largest chain of second-hand and remainder books in the Netherlands. This is the back entrance .": 0,
  "1": 1,
  "100.0": 2,
  "130": 3,
  "1801": 4,
  "2004": 5,
  "2004-07-22": 6,
  "2004-08-20": 7,
  "2004-08-26": 8,
  "Cc-by-1.0": 9,
  "Charles": 10,
  "Commons:Freedom of panorama#Netherlands": 11,
  "Created by  Andre Engels.": 12,
  "Diagram drawn by Tim Starling": 13,
  "Dominio p\u00fablico: Es esta una categor\u00eda de estado de derecho del autor para medios cuyos derechos del autor han expirado o aquellos que han sido hechos disponibles como dominio p\u00fablico por el autor. Medios relacionados con el tema Dominio p\u00fablico se encuentran en la categor\u00eda :Category:Public domain (copyright).": 14,
  "Entrance to the hunebed of Borger. August 2004.": 15,
  "Ereignis, Veranstaltung.": 16,
  "Events": 17,
  "File:Two Gambel's Quail  - Paradise Valley, Arizona, ca 2004.png": 18,
  "Gemeinfrei: Diese Kategorie ist eine Urheberrechtsstatus-Kategorie f\u00fcr Medien auf Commons, deren Urheberrecht abgelaufen ist, oder deren Urheber diese gemeinfrei zur Verf\u00fcgung stellt. Medien zum Thema Gemeinfreiheit befinden sich in der Kategorie :Category:Public domain (copyright).": 19,
  "Guy De": 20,
  "Hunebed D21 near Bronneger, August 2004.": 21,
  "Hunebed D24 near Bronneger, August 2004.": 22,
  "Hunebed D25 near Bronneger, August 2004.": 23,
  "Hunebed near Borger, the largest hunebed in the Netherlands, August 2004.": 24,
  "Hunebed near Drouwen, the Netherlands. August 2004.": 25,
  "Hunebeds  near Drouwen, the Netherlands.": 26,
  "Jean Broc": 27,
  "Kane quantum computer": 28,
  "Lieux": 29,
  "Lokoj": 30,
  "Lugares": 31,
  "Mus\u00e9e Sainte-Croix": 32,
  "Orte, Pl\u00e4tze, St\u00e4tten": 33,
  "Own picture from Andre Engels": 34,
  "Own picture from Andre Engels.": 35,
  "Paddestoel . These are used in the Netherlands to show directions for cyclists.": 36,
  "Personnalit\u00e9s": 37,
  "Platser": 38,
  "Publika hava\u0135o": 39,
  "Q2717601": 40,
  "The hunebed of Borger, the largest of the Netherlands. August 2004.": 41,
  "This category is a copyright status category for media files on Commons with copyright expired or released into the public domain by the copyright holders. For media related to the topic Public domain see the topic category :Category:Public domain (copyright).": 42,
  "View under the hunebed of Borger. August 2004.": 43,
  "http://commons.dbpedia.org/resource/Category:Events": 44,
  "http://commons.dbpedia.org/resource/Category:People": 45,
  "http://commons.dbpedia.org/resource/Category:Places": 46,
  "http://commons.dbpedia.org/resource/Category:Public_domain": 47,
  "http://commons.dbpedia.org/resource/File:BordUtrecht.jpg": 48,
  "http://commons.dbpedia.org/resource/File:Bustaxi.jpg": 49,
  "http://commons.dbpedia.org/resource/File:Buswachten.jpg": 50,
  "http://commons.dbpedia.org/resource/File:De_Slegte,_Groningen.jpg": 51,
  "http://commons.dbpedia.org/resource/File:Groningen_003.jpg": 52,
  "http://commons.dbpedia.org/resource/File:Groninger-museum.jpg": 53,
  "http://commons.dbpedia.org/resource/File:Hunebed_001.jpg": 54,
  "http://commons.dbpedia.org/resource/File:Hunebed_002.jpg": 55,
  "http://commons.dbpedia.org/resource/File:Hunebed_003.jpg": 56,
  "http://commons.dbpedia.org/resource/File:Hunebed_004.jpg": 57,
  "http://commons.dbpedia.org/resource/File:Hunebed_005.jpg": 58,
  "http://commons.dbpedia.org/resource/File:Hunebed_006.jpg": 59,
  "http://commons.dbpedia.org/resource/File:Hunebed_008.jpg": 60,
  "http://commons.dbpedia.org/resource/File:Hunebed_010.jpg": 61,
  "http://commons.dbpedia.org/resource/File:Hunebed_011.jpg": 62,
  "http://commons.dbpedia.org/resource/File:Hunebed_012.jpg": 63,
  "http://commons.dbpedia.org/resource/File:Hunebed_013.jpg": 64,
  "http://commons.dbpedia.org/resource/File:Hunebed_014.jpg": 65,
  "http://commons.dbpedia.org/resource/File:Hunebed_015.jpg": 66,
  "http://commons.dbpedia.org/resource/File:Kane_QC.png": 67,
  "http://commons.dbpedia.org/resource/File:Lijn10.jpg": 68,
  "http://commons.dbpedia.org/resource/File:Lijn51.jpg": 69,
  "http://commons.dbpedia.org/resource/File:Paddestoel_002.jpg": 70,
  "http://commons.dbpedia.org/resource/File:Paddestoel_003.jpg": 71,
  "http://commons.dbpedia.org/resource/File:Quail2.png": 72,
  "http://commons.dbpedia.org/resource/File:StationAssen2.jpg": 73,
  "http://commons.dbpedia.org/resource/File:StationAssen3.jpg": 74,
  "http://commons.dbpedia.org/resource/File:The_Death_of_Hyacinthos.gif": 75,
  "http://commons.dbpedia.org/resource/Template:Cc-by-1.0": 76,
  "http://commons.dbpedia.org/resource/Template:Cc-by-sa-1.0": 77,
  "http://commons.dbpedia.org/resource/User:Andre_Engels": 78,
  "http://dbpedia.org/resource/Charles_Dickens": 79,
  "http://dbpedia.org/resource/Gads_Hill_Place": 80,
  "http://dbpedia.org/resource/Guy_de_Maupassant": 81,
  "http://dbpedia.org/resource/Henry_James": 82,
  "http://dbpedia.org/resource/Passy": 83,
  "http://dbpedia.org/resource/Tobias_Wolff": 84,
  "http://exitinterview.biz/rarities/paidika/n12/pdk12ill.htm": 85,
  "o": 86,
  "\u00c9v\u00e9nements.": 87,
  "\u0414\u0435\u043b\u0430 \u0432\u043e \u0458\u0430\u0432\u043d\u0430 \u0441\u043e\u043f\u0441\u0442\u0432\u0435\u043d\u043e\u0441\u0442": 88
}