{
  "http://commons.dbpedia.org/property/artist": 0,
  "http://commons.dbpedia.org/property/author": 1,
  "http://commons.dbpedia.org/property/date": 2,
  "http://commons.dbpedia.org/property/de": 3,
  "http://commons.dbpedia.org/property/description": 4,
  "http://commons.dbpedia.org/property/en": 5,
  "http://commons.dbpedia.org/property/eo": 6,
  "http://commons.dbpedia.org/property/es": 7,
  "http://commons.dbpedia.org/property/fr": 8,
  "http://commons.dbpedia.org/property/gallery": 9,
  "http://commons.dbpedia.org/property/hidetitle": 10,
  "http://commons.dbpedia.org/property/inline": 11,
  "http://commons.dbpedia.org/property/mk": 12,
  "http://commons.dbpedia.org/property/otherVersions": 13,
  "http://commons.dbpedia.org/property/permission": 14,
  "http://commons.dbpedia.org/property/source": 15,
  "http://commons.dbpedia.org/property/sv": 16,
  "http://commons.dbpedia.org/property/version": 17,
  "http://commons.dbpedia.org/property/width": 18,
  "http://commons.dbpedia.org/property/wikidata": 19,
  "http://commons.dbpedia.org/property/year": 20,
  "http://dbpedia.org/ontology/deathPlace": 21,
  "http://dbpedia.org/ontology/influenced": 22,
  "http://xmlns.com/foaf/0.1/givenName": 23
}